Symbol,Description,Price,Price - Currency,Industry,Market capitalization,Market capitalization - Currency,Enterprise value,Enterprise value - Currency,Price to sales ratio,"Total revenue, Annual","Total revenue, Annual - Currency","EBITDA, Trailing 12 months","EBITDA, Trailing 12 months - Currency","Revenue per employee, Annual","Revenue per employee, Annual - Currency"
AMGN,Amgen Inc.,317.17,USD,Biotechnology,170424715766.02844,USD,223666623210,USD,5.579326522644458,28010000000,USD,11570000000,USD,1049063.67041199,USD
GILD,"Gilead Sciences, Inc.",88.76,USD,Biotechnology,110505495727.29753,USD,129872293823,USD,4.008316232854526,27058000000,USD,12877000000,USD,1503222.22222222,USD
CSLLY,CSL Ltd.,96.41,USD,Biotechnology,93899037623.26471,USD,106463037623.26471,USD,6.4508679344443385,14690000000,USD,4632880060,USD,459062.5,USD
CMXHF,CSL Ltd.,190.25,USD,Biotechnology,92120301371.33456,USD,106439521863.76984,USD,6.283493140366854,14943590395.905228,USD,4726052620.806,USD,466987.19987203844,USD
LZAGY,Lonza Group AG,63.56,USD,Biotechnology,46207489450.9656,USD,48256231939.28075,USD,5.831280802220314,7474530587.32602,USD,2325578580,USD,415251.69929589,USD
LZAGF,Lonza Group AG,628.91,USD,Biotechnology,45306994651.9791,USD,48255233750.9656,USD,5.566657431753978,7978049580,USD,2295787200,USD,443224.97666666703,USD
ILMN,"Illumina, Inc.",144.03,USD,Biotechnology,22943978946.223392,USD,24539634947,USD,5.095969744863397,4504000000,USD,920000000,USD,375020.815986678,USD
BNTX,BioNTech SE,113.26,USD,Biotechnology,26263940001,USD,15415579326,USD,9.03581638732128,4128780487.81037,USD,-359280380,USD,1339643.2471805199,USD
SMMT,Summit Therapeutics Inc.,22.24,USD,Biotechnology,16113719059.966131,USD,15186588086.997831,USD,,0,USD,-143277000,USD,0,USD
MRNA,"Moderna, Inc.",54.8,USD,Biotechnology,21064902318.380108,USD,13188585111,USD,4.04334787782627,6840000000,USD,-4115000000,USD,1221428.57142857,USD
BMRN,BioMarin Pharmaceutical Inc.,70.13,USD,Biotechnology,13351548353.77126,USD,13150686219,USD,5.397153827535379,2419412000,USD,365894000,USD,711382.5345486619,USD
PCVX,"Vaxcyte, Inc.",112.8,USD,Biotechnology,13739473520.942093,USD,12329410059,USD,,0,USD,-490158000,USD,0,USD
ELAN,Elanco Animal Health Incorporated,12.51,USD,Biotechnology,6184006590.7203865,USD,11394574084,USD,1.3653210151380226,4417000000,USD,972000000,USD,450714.28571428603,USD
TECH,Bio-Techne Corp,70.38,USD,Biotechnology,11165469815.539602,USD,11162447477,USD,9.519369315970971,1159060000,USD,359977000,USD,373890.322580645,USD
WXXWY,Wuxi Biologics (Cayman) Inc,4.48,USD,Biotechnology,9322294977.89856,USD,9186270315.255163,USD,3.98005303727722,2404260584.33564,USD,685151700,USD,188717.471297931,USD
CHJTF,CSPC Pharmaceuticals Group Ltd.,0.8255,USD,Biotechnology,9639100723.87191,USD,8147930381.217935,USD,2.579882444715269,4449337923.838329,USD,1166147435.4418,USD,189333.52867397157,USD
CSPCY,CSPC Pharmaceuticals Group Ltd.,3.15,USD,Biotechnology,9359465215.74904,USD,8147423047.031015,USD,2.1216234138923307,4438953006.30326,USD,1164877500,USD,188891.6172895,USD
HALO,"Halozyme Therapeutics, Inc.",50.46,USD,Biotechnology,6392186195.271472,USD,7212390472,USD,7.28747778551341,829253000,USD,486393000,USD,2223198.39142091,USD
NUVL,"Nuvalent, Inc.",92.69,USD,Biotechnology,6469539740.21257,USD,5672648512,USD,,0,USD,-202958000,USD,0,USD
BBIO,"BridgeBio Pharma, Inc.",24.44,USD,Biotechnology,4595519952.775167,USD,5635633314,USD,20.408839064639267,9303000,USD,-496593000,USD,16914.545454545503,USD
AKBLF,Alk Abello AS,25.125,USD,Biotechnology,5593102283.225588,USD,5341635060.4371,USD,7.8413930169039086,714062952,USD,168234200,USD,252855.1529745035,USD
BPMC,Blueprint Medicines Corporation,82.77,USD,Biotechnology,5243104349.265552,USD,5200847709,USD,14.287834981642566,249380000,USD,-340826000,USD,380732.82442748104,USD
ALVO,Alvotech,12.99,USD,Biotechnology,3916245934.3440366,USD,5120865278,USD,26.65862000744031,91434000,USD,-265926000,USD,89116.9590643275,USD
TLPPF,Telix Pharmaceutical Ltd.,14,USD,Biotechnology,4685566808.899522,USD,4554264284.3037,USD,11.28773905055193,342123946.66,USD,48110521.8,USD,,
KRYS,"Krystal Biotech, Inc.",176.89,USD,Biotechnology,5082040687.690844,USD,4490468358,USD,31.290958293479626,50699000,USD,10329000,USD,221393.013100437,USD
AXSM,"Axsome Therapeutics, Inc.",90.11,USD,Biotechnology,4325298350.875932,USD,4189921302,USD,14.667419431987364,270600000,USD,-254429000,USD,496513.76146789,USD
ACLX,"Arcellx, Inc.",84.99,USD,Biotechnology,4568695118.401495,USD,4089536257,USD,31.172133263117857,110319000,USD,-77432000,USD,848607.6923076919,USD
RNA,"Avidity Biosciences, Inc.",45.72,USD,Biotechnology,5354790431.311017,USD,3992682377,USD,455.09218605528804,9560000,USD,-281938000,USD,37786.5612648221,USD
IMVT,"Immunovant, Inc.",29.95,USD,Biotechnology,4383702649.836201,USD,3863285839,USD,,0,USD,-297962000,USD,0,USD
ADMA,ADMA Biologics Inc,16.43,USD,Biotechnology,3829550911.1372547,USD,3738193556,USD,11.593422500117494,258214999.99999997,USD,92302860,USD,413806.08974359,USD
VRBCF,Virbac SA,382,USD,Biotechnology,3199578601.780281,USD,3474427361.2167997,USD,2.1445561086218903,1376254509.74,USD,284173491.6,USD,252107.4390437811,USD
IOVA,"Iovance Biotherapeutics, Inc.",11.03,USD,Biotechnology,3347758180.5463915,USD,2907562181,USD,92.73152050530955,1189000,USD,-418893000,USD,2134.64991023339,USD
RYTM,"Rhythm Pharmaceuticals, Inc.",49.43,USD,Biotechnology,3021842014.385788,USD,2901555301,USD,29.102345727675488,77428000,USD,-263826000.00000003,USD,342601.769911504,USD
DNLI,Denali Therapeutics Inc.,27.78,USD,Biotechnology,3977131085.3369036,USD,2896479702,USD,3484.5613680741926,330531000,USD,-486714000,USD,742766.2921348311,USD
MRUS,Merus N.V.,52.82,USD,Biotechnology,3602877632.4417644,USD,2842845147.993226,USD,93.25229038684769,43947000.0003214,USD,-194569000,USD,191908.296944635,USD
EWTX,"Edgewise Therapeutics, Inc.",34.04,USD,Biotechnology,3192008555.806747,USD,2773388503,USD,,0,USD,-134133999.99999999,USD,0,USD
KYMR,"Kymera Therapeutics, Inc.",49.08,USD,Biotechnology,3129122709.50698,USD,2637857153,USD,39.594810954488935,78592000,USD,-175487000,USD,420278.07486631005,USD
ZLAB,Zai Lab Limited,32.54,USD,Biotechnology,3279837710.00732,USD,2633471710.00732,USD,9.789287090399764,266719000,USD,-335128000,USD,122629.425287356,USD
SRRK,Scholar Rock Holding Corporation,30.43,USD,Biotechnology,2747771502.459044,USD,2578366485,USD,,0,USD,-207145000,USD,0,USD
ARWR,"Arrowhead Pharmaceuticals, Inc.",20.18,USD,Biotechnology,2508682339.356219,USD,2524617117,USD,127.05618383550454,240735000,USD,-529778000,USD,458542.857142857,USD
APGE,"Apogee Therapeutics, Inc.",54.91,USD,Biotechnology,3211449956.1760287,USD,2441048975,USD,,0,USD,-143698000,USD,,
VIMGF,VIMIAN GROUP AB,3.56,USD,Biotechnology,1840635130.1642382,USD,2430707297.333947,USD,5.689661634535687,375779127.99508697,USD,94312506.96000001,USD,341617.38908644277,USD
DYN,"Dyne Therapeutics, Inc.",30.78,USD,Biotechnology,3090336423.674585,USD,2332195384,USD,,0,USD,-269130000,USD,0,USD
CRSP,CRISPR Therapeutics AG,49.71,USD,Biotechnology,4233709262.3595862,USD,2263248085,USD,19.887825055210214,371206000,USD,-311750000,USD,912054.0540540541,USD
PTGX,"Protagonist Therapeutics, Inc.",48.2,USD,Biotechnology,2839200982.619551,USD,2230804673,USD,9.078992097455497,60000000,USD,155610000,USD,535714.285714286,USD
BCRX,"BioCryst Pharmaceuticals, Inc.",8.15,USD,Biotechnology,1686120375.1194968,USD,2221562188,USD,4.293365224625633,331412000,USD,-58849000,USD,618305.9701492541,USD
TWST,Twist Bioscience Corporation,42.52,USD,Biotechnology,2491074941.700493,USD,2176351902,USD,7.996636292808514,245109000,USD,-153201000,USD,266712.731229597,USD
GERN,Geron Corporation,4.22,USD,Biotechnology,2543797109.7832513,USD,2170534826,USD,1933.6155940859426,237000,USD,-226157000,USD,1680.8510638297898,USD
JANX,"Janux Therapeutics, Inc.",54.36,USD,Biotechnology,2835662069.3675346,USD,2163632797,USD,192.25646070337817,8083000,USD,-63864000,USD,126296.875,USD
WVE,Wave Life Sciences Ltd.,14.99,USD,Biotechnology,2322359388.8048444,USD,2121489677,USD,16.938146546146434,113305000.000446,USD,-74898000,USD,422779.85074793303,USD
MRVI,"Maravai LifeSciences Holdings, Inc.",7.21,USD,Biotechnology,1818631250.363248,USD,2098894155,USD,3.4230516359459386,288945000,USD,15804000,USD,444530.769230769,USD
LBPH,"Longboard Pharmaceuticals, Inc.",59.68,USD,Biotechnology,2329252843.84698,USD,2025119521,USD,,0,USD,-72903000,USD,0,USD
ASPHF,ASCENTAGE PHARMA GROUP,6.45,USD,Biotechnology,2013655861.571885,USD,1969731603.1072004,USD,6.328588762005065,31404718.809627883,USD,-35361441.7359,USD,53867.44221205474,USD
VERA,"Vera Therapeutics, Inc.",47.34,USD,Biotechnology,2595541595.6028233,USD,1921315698,USD,,0,USD,-119822000,USD,0,USD
CGON,"CG Oncology, Inc.",37.29,USD,Biotechnology,2501302386.78917,USD,1887737291,USD,,204000,USD,,,3344.26229508197,USD
SWTX,"SpringWorks Therapeutics, Inc.",29.89,USD,Biotechnology,2220020692.0102353,USD,1800116338,USD,25.20695844267044,5447000,USD,-318270000,USD,17859.0163934426,USD
TXG,"10x Genomics, Inc.",15.86,USD,Biotechnology,1910993870.210458,USD,1575801046,USD,2.944024447480184,618727000,USD,-144618000,USD,491443.208895949,USD
PROK,ProKidney Corp.,1.79,USD,Biotechnology,518518639.7085714,USD,1526809631,USD,,0,USD,-150271000,USD,0,USD
SYRE,"Spyre Therapeutics, Inc.",34.4,USD,Biotechnology,1751638688.9744325,USD,1502340778,USD,,886000,USD,-172919000,USD,29533.3333333333,USD
RXRX,"Recursion Pharmaceuticals, Inc.",6.87,USD,Biotechnology,2001642238.412037,USD,1501763893,USD,31.619476786944766,44575000,USD,-366947000,USD,,
RCKT,"Rocket Pharmaceuticals, Inc.",17.49,USD,Biotechnology,1591167887.471831,USD,1297201748,USD,,0,USD,-261075000,USD,0,USD
ANIP,"ANI Pharmaceuticals, Inc.",57.965,USD,Biotechnology,1219637584.378858,USD,1290148115,USD,2.0907216770293506,486816000,USD,105298000,USD,758280.3738317761,USD
IMCR,Immunocore Holdings plc,33.33,USD,Biotechnology,1640577439,USD,1253933438.999999,USD,5.8198247721385625,250394800.77707002,USD,-69468970,USD,503812.476412616,USD
GPCR,Structure Therapeutics Inc.,37.44,USD,Biotechnology,2150010179,USD,1227540769.721633,USD,,0,USD,-121072220,USD,0,USD
SNDX,"Syndax Pharmaceuticals, Inc.",19.21,USD,Biotechnology,1634701061.2565334,USD,1171589736,USD,456.82944107142833,0,USD,-287978000,USD,0,USD
COGT,"Cogent Biosciences, Inc.",11.89,USD,Biotechnology,1301366025.8203843,USD,1079210063,USD,,0,USD,-240804000,USD,0,USD
ZBIO,"Zenas BioPharma, Inc.",21.19,USD,Biotechnology,843200543.6259804,USD,1077954563,USD,,50000000,USD,,,,
SAVA,"Cassava Sciences, Inc.",26.73,USD,Biotechnology,1282402874.5932205,USD,1066476165,USD,,0,USD,-136445000,USD,0,USD
BIOA,"BioAge Labs, Inc.",24.16,USD,Biotechnology,865343165.44,USD,1057219000,USD,,0,USD,,,,
XNCR,"Xencor, Inc.",21.57,USD,Biotechnology,1508330522.5590737,USD,1057143355,USD,9.76719869358918,168338000,USD,-159642000,USD,601207.1428571431,USD
ELVN,"Enliven Therapeutics, Inc.",28.66,USD,Biotechnology,1353818284.307532,USD,1048628865,USD,,0,USD,-97253000,USD,0,USD
NTLA,"Intellia Therapeutics, Inc.",16.34,USD,Biotechnology,1659803870.862696,USD,1035414989,USD,33.64916679356931,36275000,USD,-514178000,USD,68963.8783269962,USD
MESO,Mesoblast Limited,9.11,USD,Biotechnology,953141994.8406,USD,1009104994.8406,USD,158.48845137583186,5902000,USD,-54038260,USD,80849.3150684931,USD
MEOBF,Mesoblast Ltd.,1.03,USD,Biotechnology,1175338619.8102767,USD,1009000250.1375902,USD,160.96659162986714,6003884.990921206,USD,-55081131.335999995,USD,82244.99987563286,USD
ANAB,"AnaptysBio, Inc.",30.49,USD,Biotechnology,920792289.4314704,USD,995423001,USD,28.753738719522136,17157000,USD,-152654000,USD,146641.025641026,USD
CLDX,"Celldex Therapeutics, Inc.",27.97,USD,Biotechnology,1854063945.7491648,USD,991318601.9999999,USD,214.31125632377695,6883000,USD,-160193000,USD,43018.75,USD
CSBTF,Kuros Bioscience Ltd.,29,USD,Biotechnology,1031511295.298969,USD,985013549.0988,USD,17.75692050624237,39865305.36,USD,-2561626.9000000004,USD,7973061.072,USD
CALZF,Polynovo Ltd.,1.3,USD,Biotechnology,897982577.488372,USD,960245430.4296,USD,14.427349474237054,68787787.2,USD,2037129.5999999999,USD,270818.0598425196,USD
BEAM,Beam Therapeutics Inc.,22.35,USD,Biotechnology,1841989016.7703016,USD,933128524,USD,5.03119595381871,377709000,USD,-160592000,USD,866305.04587156,USD
DVAX,Dynavax Technologies Corporation,11.39,USD,Biotechnology,1492595583.0634918,USD,923154399,USD,6.6254922205090185,232284000,USD,-4760000,USD,569323.529411765,USD
IRON,"Disc Medicine, Inc.",46.19,USD,Biotechnology,1373032958.2045207,USD,868574321,USD,,0,USD,-110800000,USD,0,USD
KURA,"Kura Oncology, Inc.",17.73,USD,Biotechnology,1358729542.2284408,USD,867083954,USD,,0,USD,-199225000,USD,0,USD
CDMO,"Avid Bioservices, Inc.",10.1,USD,Biotechnology,644330598.88,USD,808604088,USD,4.470349400806412,139911000,USD,-7474000,USD,377118.598382749,USD
TYRA,"Tyra Biosciences, Inc.",19.89,USD,Biotechnology,1050314080.8837211,USD,790641602,USD,,0,USD,-95019000,USD,0,USD
BCYC,Bicycle Therapeutics plc,24.79,USD,Biotechnology,1704916883,USD,786289883.000001,USD,32.47806488827878,27080560.906402,USD,-210548670,USD,95354.0876985986,USD
MBX,"MBX Biosciences, Inc.",19.86,USD,Biotechnology,631905375.2768362,USD,773283208,USD,,0,USD,,,,
AUPH,Aurinia Pharmaceuticals Inc,7.24,USD,Biotechnology,1035254627.4212767,USD,763594343,USD,4.905605852091013,175513000.00007,USD,-25550000,USD,585043.3333335669,USD
AUTL,Autolus Therapeutics plc,4.55,USD,Biotechnology,1181200424,USD,762925424,USD,112.52305196913414,1698000,USD,-178745000,USD,3667.38660907127,USD
NVAX,"Novavax, Inc.",10.25,USD,Biotechnology,1640959823.8840432,USD,733277535.0000001,USD,1.6364391793995354,983705000,USD,-240560000,USD,637527.543745949,USD
CRMD,CorMedix Inc.,13.59,USD,Biotechnology,784971490.796779,USD,708187173,USD,932.0925334348867,0,USD,-57864910,USD,0,USD
OPT,Opthea Limited,4.48,USD,Biotechnology,670635698.3502,USD,698793143.3502,USD,2827.536126982343,125122.98988100002,USD,-192560700,USD,,
CKDXF,Opthea Limited,0.57,USD,Biotechnology,701723914.4,USD,698740441.6863502,USD,1548.2023050951043,126818.08306983802,USD,-195167321.31599998,USD,,
SANA,"Sana Biotechnology, Inc.",3.92,USD,Biotechnology,872066491.6808512,USD,679553941,USD,,0,USD,-276025000,USD,0,USD
XERS,"Xeris Biopharma Holdings, Inc.",3.23,USD,Biotechnology,481266211.8156249,USD,669032247,USD,2.616713007336845,163914000,USD,-24202000,USD,434785.14588859404,USD
OXBDF,Oxford Biomedica PLC,5.68,USD,Biotechnology,598443955.0202246,USD,650391118.3142,USD,4.693546446187143,113983146.99999999,USD,-58505482.5,USD,159640.261904762,USD
HUMA,"Humacyte, Inc.",5.42,USD,Biotechnology,678633086.3899821,USD,624280626,USD,,0,USD,-98574000,USD,0,USD
ADPT,Adaptive Biotechnologies Corporation,4.67,USD,Biotechnology,688695137.2696629,USD,590456255,USD,3.8869957381818687,170276000,USD,-161562000,USD,240163.61071932298,USD
IMTX,Immatics N.V.,9.28,USD,Biotechnology,1107622813.1317496,USD,574616557,USD,12.458270076960677,58376999.2145318,USD,-98986950,USD,170195.33298697302,USD
MREO,Mereo BioPharma Group plc,4.2,USD,Biotechnology,655035761,USD,573766761,USD,,10038760.7156,USD,,,304204.870169697,USD
VALN,Valneva SE,6.09,USD,Biotechnology,473163145.96029997,USD,556997574.4603,USD,2.5289011614569303,166181522.682062,USD,,,245830.654855121,USD
INRLF,Valneva SE,3,USD,Biotechnology,487109078.88888884,USD,556948294.6003,USD,2.4552647611107825,169659186.62,USD,,,250975.12813609443,USD
RAPP,"Rapport Therapeutics, Inc.",25.23,USD,Biotechnology,922824035.34,USD,551458000,USD,,0,USD,,,0,USD
ARVN,"Arvinas, Inc.",27.12,USD,Biotechnology,1861735491.6203704,USD,547457815,USD,19.97479099678463,78500000,USD,-364200000,USD,176404.494382022,USD
CRGX,"CARGO Therapeutics, Inc.",21.93,USD,Biotechnology,1006688628.5398567,USD,546362087,USD,,0,USD,-147687000,USD,,
RCUS,"Arcus Biosciences, Inc.",16.66,USD,Biotechnology,1523182213.291667,USD,534096862,USD,6.019238866396767,117000000,USD,-260000000,USD,202772.963604853,USD
TVGN,Tevogen Bio Holdings Inc.,2.74,USD,Biotechnology,467572405.38360655,USD,524154014,USD,,0,USD,-39170940,USD,0,USD
QTTB,Q32 Bio Inc.,46.74,USD,Biotechnology,563674392.3368255,USD,522310568,USD,,1156000,USD,-66157000,USD,165142.857142857,USD
NGNE,Neurogene Inc.,45.93,USD,Biotechnology,596796643.3713046,USD,488381059,USD,885.9043414864146,0,USD,-77078000,USD,0,USD
PLRX,"Pliant Therapeutics, Inc.",14.86,USD,Biotechnology,903509165.2607774,USD,483959154,USD,,1580000,USD,-205109000,USD,10000,USD
DNTH,"Dianthus Therapeutics, Inc.",28.12,USD,Biotechnology,825781792.9512812,USD,453441589,USD,230.3135558474979,2826000,USD,-68423000,USD,53320.7547169811,USD
NUVB,Nuvation Bio Inc.,2.35,USD,Biotechnology,786733656.085973,USD,452315417,USD,376.913574912892,0,USD,-112272000,USD,0,USD
IMNM,"Immunome, Inc.",12.43,USD,Biotechnology,746475809.143683,USD,451677411,USD,67.30651644380579,14018000,USD,-270235000,USD,254872.72727272697,USD
MGTX,MeiraGTx Holdings plc,5.88,USD,Biotechnology,455105649.3993174,USD,441148671,USD,46.447387411967476,14017000,USD,-155309000,USD,32981.1764705882,USD
ARTV,"Artiva Biotherapeutics, Inc.",10.6,USD,Biotechnology,257443724.1300191,USD,439665524,USD,,33491999.999999996,USD,,,434961.038961039,USD
AGEN,Agenus Inc.,4.41,USD,Biotechnology,95132259.45517243,USD,432178942.99999994,USD,0.5739539807929639,156314000,USD,-98985000,USD,401835.475578406,USD
RNAC,"Cartesian Therapeutics, Inc.",22.3,USD,Biotechnology,532825629.7133139,USD,419368765,USD,6.767618996340252,26004000,USD,-47335000,USD,684315.789473684,USD
REPL,"Replimune Group, Inc.",12.05,USD,Biotechnology,823272787.8175619,USD,408235941.99999994,USD,,0,USD,-235668000,USD,0,USD
TRML,"Tourmaline Bio, Inc.",27.45,USD,Biotechnology,703855422.4332455,USD,392603850,USD,,0,USD,-64605999.99999999,USD,0,USD
HRTX,"Heron Therapeutics, Inc.",1.91,USD,Biotechnology,289685910.9729729,USD,391950830,USD,2.06631111534823,127044000,USD,-43620000,USD,1008285.71428571,USD
CLLKF,BICO GROUP AB,3.7045,USD,Biotechnology,261444697.69398746,USD,385974355.61670005,USD,1.3549042788577523,222065130,USD,11108370,USD,,
AURA,"Aura Biosciences, Inc.",10.98,USD,Biotechnology,544675128.8241758,USD,373316762,USD,,0,USD,-89003000,USD,0,USD
URGN,UroGen Pharma Ltd.,12.15,USD,Biotechnology,511685977.6115703,USD,366711274,USD,5.241029649098066,82713000.0000446,USD,-78235000,USD,411507.462686789,USD
MLYS,"Mineralys Therapeutics, Inc.",13.89,USD,Biotechnology,690703525.1903012,USD,365665056,USD,,0,USD,-134497000,USD,0,USD
PRME,"Prime Medicine, Inc.",4.21,USD,Biotechnology,505329757.8411911,USD,362439210,USD,812.7430287309649,0,USD,-201543000,USD,0,USD
TNGX,"Tango Therapeutics, Inc.",5.92,USD,Biotechnology,634295245.3288364,USD,351092690,USD,15.109827906325732,36527000,USD,-129959000,USD,260907.14285714302,USD
STOK,"Stoke Therapeutics, Inc.",12.31,USD,Biotechnology,648094414.8992444,USD,350806294.99999994,USD,43.81951841921227,8780000,USD,-109896000,USD,79818.18181818181,USD
RLAY,"Relay Therapeutics, Inc.",6.03,USD,Biotechnology,979642209.946844,USD,340700596,USD,22.709744455110933,25546000,USD,-367864000,USD,79089.7832817337,USD
BLUE,"bluebird bio, Inc.",0.4946,USD,Biotechnology,95909652.42857142,USD,338316297,USD,1.6943975081967209,29497000,USD,-297165000,USD,78658.6666666667,USD
TERN,"Terns Pharmaceuticals, Inc.",6.51,USD,Biotechnology,549678098.4287857,USD,338139852,USD,,0,USD,-107307000,USD,0,USD
QURE,uniQure N.V.,6.68,USD,Biotechnology,325300071.24100995,USD,328249917.000087,USD,11.468136044970718,15843000.0001159,USD,-222417000,USD,33006.2500002415,USD
ABSI,Absci Corporation,4.29,USD,Biotechnology,487156699.86486477,USD,313752305,USD,141.42822462153853,5718000,USD,-83964000,USD,36653.8461538462,USD
SGMO,"Sangamo Therapeutics, Inc.",2.04,USD,Biotechnology,424770172.24000007,USD,313642009,USD,24.918058157530343,176232000,USD,-186685000,USD,435140.740740741,USD
ALT,"Altimmune, Inc.",7.01,USD,Biotechnology,498207387.26756346,USD,312377682,USD,1160.107682127139,426000,USD,-95777000,USD,7220.3389830508495,USD
AVXL,Anavex Life Sciences Corp.,5.78,USD,Biotechnology,490118067.21374047,USD,305572490,USD,,0,USD,-51194000,USD,0,USD
TSHA,"Taysha Gene Therapies, Inc.",1.97,USD,Biotechnology,403738329.7085427,USD,292368196,USD,35.991213428882155,15451000,USD,-75738000,USD,297134.615384615,USD
LRMR,"Larimar Therapeutics, Inc.",8.01,USD,Biotechnology,511091114.00000006,USD,290622114,USD,,0,USD,-65516999.99999999,USD,0,USD
EXAI,Exscientia Plc,5.23,USD,Biotechnology,624927143,USD,281852931.2,USD,23.470290515177094,24959237.937670298,USD,-179291840,USD,51675.4408647418,USD
IVA,Inventiva S.A. - American Depository Shares,2.71,USD,Biotechnology,226982195.13439998,USD,272451188.88439995,USD,8.185695887769917,18894657.3934176,USD,-109507980,USD,153615.100759493,USD
PRTA,Prothena Corporation plc,17.59,USD,Biotechnology,945996228.8862745,USD,270832243.9951837,USD,3.8765174042099235,91370000.0006683,USD,-72980000,USD,528150.289021204,USD
MCRB,"Seres Therapeutics, Inc.",0.7,USD,Biotechnology,119140183.71400198,USD,261367165,USD,285.56855461310187,126325000,USD,-152131000,USD,542167.3819742489,USD
KMDA,Kamada Ltd.,5.47,USD,Biotechnology,314412865,USD,258960292.299534,USD,1.9956369979966555,144758789.20561576,USD,29169868.138100002,USD,382959.7598032159,USD
ALDX,"Aldeyra Therapeutics, Inc.",5.62,USD,Biotechnology,333949102.82065725,USD,251724322,USD,,0,USD,-42796090,USD,0,USD
PRTC,PureTech Health plc,20.165,USD,Biotechnology,469088786.9645,USD,243218786.96450004,USD,1155.333227105703,3330000,USD,-132208319.99999999,USD,,
PTCHF,PureTech Health PLC,1.9905,USD,Biotechnology,476534066.1557539,USD,243183050.8654158,USD,1075.8314128891561,3410227.841216542,USD,-133339563.859,USD,,
MXCT,"MaxCyte, Inc.",3.61,USD,Biotechnology,379372043.3473389,USD,236366474.99999997,USD,8.220725179186434,41288000,USD,-41800300,USD,288727.272727273,USD
CMPS,COMPASS Pathways Plc - American Depository Shares,6.36,USD,Biotechnology,429473320,USD,233074319.99999902,USD,,0,USD,-155341430,USD,0,USD
BSEM,"BioStem Technologies, Inc.",14.3475,USD,Biotechnology,234415713.8224965,USD,232935849,USD,2.2886732362165723,16685405,USD,11382630,USD,,
PGEN,"Precigen, Inc.",0.8448,USD,Biotechnology,243060630.16658822,USD,231361742,USD,48.8748127249942,6225000,USD,-88579000,USD,30816.8316831683,USD
TRDA,"Entrada Therapeutics, Inc.",17.37,USD,Biotechnology,646156186.0559154,USD,226717357,USD,2.519933093188302,129013000,USD,96823000,USD,811402.51572327,USD
GALT,Galectin Therapeutics Inc.,2.49,USD,Biotechnology,155072532.49003989,USD,226408095,USD,,0,USD,-39631000,USD,0,USD
CCCC,"C4 Therapeutics, Inc.",6,USD,Biotechnology,416026510.6960951,USD,212718358,USD,13.795780022806174,20756000,USD,-108701000,USD,143144.82758620701,USD
DRUG,Bright Minds Biosciences Inc.,47.64,USD,Biotechnology,212657201.38488892,USD,212248729.8362,USD,,0,USD,-2576214.376,USD,,
CTNM,"Contineum Therapeutics, Inc.",17.07,USD,Biotechnology,439096342.34811264,USD,211265497.00000003,USD,,50000000,USD,,,1612903.22580645,USD
ARMP,"Armata Pharmaceuticals, Inc.",2.3225,USD,Biotechnology,84035177.83995815,USD,206212535,USD,37.43195378865285,4529000,USD,-40911000,USD,68621.2121212121,USD
NAUT,"Nautilus Biotechnology, Inc.",2.81,USD,Biotechnology,352405611.97769517,USD,202515262,USD,,0,USD,-75179000,USD,0,USD
HURA,"TuHURA Biosciences, Inc.",5.24,USD,Biotechnology,220238942.46111798,USD,199107036,USD,,0,USD,-8396000,USD,0,USD
JSPR,"Jasper Therapeutics, Inc.",22.02,USD,Biotechnology,332618691.3575448,USD,190805602,USD,,0,USD,-67006000,USD,0,USD
FHTX,Foghorn Therapeutics Inc.,8.11,USD,Biotechnology,448715381.9650259,USD,182876206.99999997,USD,11.317322529487003,34155000,USD,-91616000,USD,294439.655172414,USD
IUGNF,"Imugene, Ltd.",0.032,USD,Biotechnology,238025931.10204083,USD,179629996.4895,USD,,0,USD,,,,
ABCL,AbCellera Biologics Inc.,2.89,USD,Biotechnology,851583383.1874999,USD,178188243,USD,24.21026396484551,38025000.0000152,USD,-207970000,USD,64889.0784983194,USD
AKYA,"Akoya BioSciences, Inc.",2.9,USD,Biotechnology,143548514.7857143,USD,178072566,USD,1.4844656453827696,96633000,USD,-39486000,USD,292827.272727273,USD
CADL,"Candel Therapeutics, Inc.",5.51,USD,Biotechnology,176787123.04107144,USD,176781753,USD,,0,USD,-34372000,USD,0,USD
GLSI,"Greenwich LifeSciences, Inc.",13.93,USD,Biotechnology,183105020.93333334,USD,170227945,USD,,0,USD,-10533950,USD,0,USD
ENGN,enGene Holdings Inc.,8.84,USD,Biotechnology,390865713.9448732,USD,168137297,USD,,0,USD,,,0,USD
BNTC,Benitec Biopharma Inc.,10.72,USD,Biotechnology,212416556.14194724,USD,167121599.99987084,USD,,0,USD,-22255000,USD,0,USD
IMMP,Immutep Limited,1.915,USD,Biotechnology,283333081.2309,USD,162931304.07849997,USD,,0,USD,-31544040,USD,,
ALLO,"Allogene Therapeutics, Inc.",2.68,USD,Biotechnology,560418862.8360655,USD,159814099,USD,5391.453450232561,95000,USD,-256536999.99999997,USD,407.725321888412,USD
TRVI,"Trevi Therapeutics, Inc.",3.18,USD,Biotechnology,230842269.51923075,USD,158184755,USD,,0,USD,-43030000,USD,0,USD
OMGA,"Omega Therapeutics, Inc.",1.27,USD,Biotechnology,70046828.07194245,USD,157421426,USD,12.141147407348722,3094000,USD,-74559000,USD,32914.893617021306,USD
KOD,Kodiak Sciences Inc,3.73,USD,Biotechnology,196252946.68983954,USD,153311094,USD,,0,USD,-184951000,USD,0,USD
LXEO,"Lexeo Therapeutics, Inc.",9.83,USD,Biotechnology,324989675.52842104,USD,149950544,USD,,0,USD,-80166000,USD,0,USD
VXRT,"Vaxart, Inc. - Common Stock",0.8351,USD,Biotechnology,189934560.75877565,USD,147789777,USD,10.91800562678776,7379000,USD,-70448000,USD,59032,USD
TIL,"Instil Bio, Inc.",35.29,USD,Biotechnology,229523083.2028332,USD,139020532,USD,,0,USD,-62613000,USD,0,USD
RANI,"Rani Therapeutics Holdings, Inc.",2.31,USD,Biotechnology,130298007.08974358,USD,138552188.99999997,USD,,0,USD,-56639000,USD,0,USD
DMAC,DiaMedica Therapeutics Inc.,4.3,USD,Biotechnology,183815677.12984052,USD,133995982,USD,,0,USD,-22350000,USD,0,USD
ZURA,Zura Bio Limited,4.61,USD,Biotechnology,293998944.31856537,USD,129387586.99999997,USD,,0,USD,-41151000,USD,0,USD
ELUT,"Elutia, Inc.",3.27,USD,Biotechnology,111377312.39274925,USD,128733726,USD,3.298497329411296,24745000,USD,-18439000,USD,458240.740740741,USD
LCTX,"Lineage Cell Therapeutics, Inc.",0.88,USD,Biotechnology,166176891.70035672,USD,121842234,USD,25.669533301002232,8945000,USD,-24927000,USD,119266.666666667,USD
CRDL,Cardiol Therapeutics Inc.,1.85,USD,Biotechnology,129281187.6394052,USD,117801848.50420001,USD,,0,USD,-23072846.252,USD,,
TRAW,"Traws Pharma, Inc.",4.94,USD,Biotechnology,14945628.536831483,USD,109724010,USD,22.197324808849583,226000,USD,-20630000,USD,13294.1176470588,USD
PEPG,PepGen Inc.,7.63,USD,Biotechnology,248659424.9088542,USD,108394910,USD,,0,USD,-94365000,USD,0,USD
VSTM,"Verastem, Inc.",3.39,USD,Biotechnology,136426307.1698113,USD,107627120,USD,8.541797999999993,0,USD,-98762000,USD,0,USD
MDNAF,Medicenna Therapeutics Corp.,1.66,USD,Biotechnology,127484326.80851062,USD,103799460.82000001,USD,,0,USD,-13478492.200000001,USD,0,USD
MRSN,"Mersana Therapeutics, Inc.",2.04,USD,Biotechnology,250257111.6631579,USD,102647604,USD,7.770859992651238,36855000,USD,-101411000,USD,299634.146341463,USD
COYA,"Coya Therapeutics, Inc.",10.19,USD,Biotechnology,155105128.51999998,USD,99807911,USD,13.987433355504828,6002206,USD,-10222490,USD,750275.75,USD
FATE,"Fate Therapeutics, Inc.",2.87,USD,Biotechnology,326829538.3433963,USD,97462402.99999997,USD,25.27324255906473,63533000,USD,-176338000,USD,351011.049723757,USD
FBLG,"FibroBiologics, Inc.",2.82,USD,Biotechnology,99148735.32,USD,96067000,USD,,0,USD,-10686000,USD,0,USD
INMB,INmune Bio Inc.,6.165,USD,Biotechnology,136693162.21217713,USD,94536686,USD,1231.1257724705893,155000,USD,-37789000,USD,9117.647058823532,USD
LSB,"LakeShore Biopharma Co., Ltd",3.011,USD,Biotechnology,57452143.37434882,USD,84777650,USD,,80820050.00000009,USD,,,106622.757255937,USD
RENB,Renovaro Inc.,0.533,USD,Biotechnology,83251349.84735812,USD,83381555,USD,,0,USD,-27266440,USD,0,USD
ALBT,Avalon GloboCare Corp.,4.3,USD,Biotechnology,55145436,USD,83221665,USD,1.9925008300582123,1255681.0000006799,USD,-4177340,USD,251136.20000013598,USD
ANIX,"Anixa Biosciences, Inc.",3.97,USD,Biotechnology,127752586.90461537,USD,82995352,USD,,210000,USD,-13679000,USD,42000,USD
GLUE,"Monte Rosa Therapeutics, Inc.",9.48,USD,Biotechnology,300113109,USD,82264109,USD,60.48519202639349,0,USD,-131782999.99999999,USD,0,USD
PSTX,"Poseida Therapeutics, Inc.",2.48,USD,Biotechnology,240891956.74688795,USD,79933587,USD,2.6416507681264276,64703000,USD,-112853000,USD,196069.69696969702,USD
ONCY,Oncolytics Biotech Inc.,1.22,USD,Biotechnology,93922960.1882353,USD,76809944.76640002,USD,,0,USD,-26387038.400000002,USD,0,USD
OSTX,OS Therapies Incorporated,2.91,USD,Biotechnology,58344496.050000004,USD,73945306,USD,,,,,,,
BTAI,"BioXcel Therapeutics, Inc.",0.667,USD,Biotechnology,27176089.16966918,USD,72230141,USD,10.228248772367865,1380000,USD,-103113000,USD,18648.6486486486,USD
GUTS,"Fractyl Health, Inc.",2.76,USD,Biotechnology,132279108.10126582,USD,72057495,USD,953.9618246218495,120000,USD,-71014000,USD,,
CUE,"Cue Biopharma, Inc.",1.78,USD,Biotechnology,107169739.67567568,USD,70341424,USD,8.951137762777257,5490000,USD,-44722000,USD,103584.905660377,USD
CVM,Cel-Sci Corporation,0.92,USD,Biotechnology,58684136.25550661,USD,69666225,USD,,0,USD,-23724330,USD,,
MLLCF,Molecular Partners AG,6.35,USD,Biotechnology,233007110.1916376,USD,69286861.39999998,USD,24.509368929683315,8359314.12,USD,-66245251.1,USD,45930.29736263739,USD
MOLN,Molecular Partners AG,6.46,USD,Biotechnology,242891308.5,USD,69202236.61039439,USD,24.23664291034198,7831732.36170917,USD,-67110710,USD,43031.4964929075,USD
BDTX,"Black Diamond Therapeutics, Inc.",2.92,USD,Biotechnology,164994292.32214767,USD,69195586,USD,,0,USD,-86162000,USD,0,USD
VIGL,"Vigil Neuroscience, Inc.",3.9,USD,Biotechnology,154625362.2067039,USD,68670153,USD,,0,USD,-89622000,USD,0,USD
EPRX,Eupraxia Pharmaceuticals Inc.,2.55,USD,Biotechnology,90837516.2536443,USD,67752552.76049687,USD,,0,USD,,,,
ZIVO,"Zivo Bioscience, Inc.",19.95,USD,Biotechnology,70525921.42105263,USD,64385154,USD,901.1629855023591,27650,USD,-12974410,USD,3456.25,USD
ENTO,Entero Therapeutics Inc.,0.5789,USD,Biotechnology,2752107.853202282,USD,64373493,USD,,0,USD,-20099900,USD,0,USD
CGEN,Compugen Ltd.,1.69,USD,Biotechnology,151316571.67058823,USD,62903936,USD,3.562834571628315,33459000.000018,USD,,,492044.117647324,USD
CLYM,"Climb Bio, Inc.",4.11,USD,Biotechnology,275617294.64788735,USD,62636320,USD,,0,USD,-17841000,USD,0,USD
CSBR,"Champions Oncology, Inc.",3.98,USD,Biotechnology,54103187.263803676,USD,59942595,USD,1.1078076126727847,50155000,USD,-879000,USD,238833.33333333302,USD
LPTX,"Leap Therapeutics, Inc.",4.15,USD,Biotechnology,158797527.44444445,USD,59755072,USD,,0,USD,-65507999.99999999,USD,0,USD
SLDB,Solid Biosciences Inc.,5.83,USD,Biotechnology,225010237.5604203,USD,55409809,USD,,0,USD,-97292000,USD,0,USD
SEOVF,Sernova Corp.,0.165,USD,Biotechnology,53678586.72,USD,55303733.493480004,USD,,0,USD,-27944027.803400002,USD,0,USD
ELTX,"Elicio Therapeutics, Inc.",4.41,USD,Biotechnology,47515873.141935475,USD,52699771,USD,,0,USD,-40459000,USD,0,USD
MNPR,Monopar Therapeutics Inc.,17.83,USD,Biotechnology,62768109.5823981,USD,52481010,USD,,0,USD,-7490160,USD,0,USD
GANX,"Gain Therapeutics, Inc.",2.65,USD,Biotechnology,67668975.00000001,USD,51540230,USD,,55180,USD,-21767540,USD,1724.375,USD
CANOF,California Nanotechnologies Corp,1.0728,USD,Biotechnology,48545312.58596027,USD,51138634.8189747,USD,8.92722585748839,3317426.687794823,USD,1836550.8360000001,USD,,
TCRX,"TScan Therapeutics, Inc.",4.89,USD,Biotechnology,259042226.1111111,USD,50850010,USD,45.184199591803306,21049000,USD,-106656000,USD,136681.818181818,USD
DSGN,"Design Therapeutics, Inc.",5.53,USD,Biotechnology,313111486.98529416,USD,49702639.99999994,USD,,0,USD,-62817000,USD,0,USD
MAIA,"MAIA Biotechnology, Inc.",2.51,USD,Biotechnology,60007099.60999999,USD,48427709,USD,,0,USD,-19219980,USD,0,USD
EVFM,"Evofem Biosciences, Inc.",0.0106,USD,Biotechnology,1063484.22,USD,48394287,USD,0.9109869097888645,18218000,USD,-10909000,USD,492378.378378378,USD
PVCT,"Provectus Biopharmaceuticals, Inc.",0.1084,USD,Biotechnology,45517901,USD,47989415,USD,66.49480732673774,557710,USD,-2239060,USD,139427.5,USD
GRTSQ,"Gritstone bio, Inc.",0.0211,USD,Biotechnology,2492101.523076923,USD,47811127,USD,5.633638929435477,1331000,USD,-143352000,USD,5761.90476190476,USD
KNTPF,KINTOR PHARMACEUTICAL LTD.,0.165,USD,Biotechnology,72647313.75,USD,46922622.29570542,USD,,0,USD,-125690035.3793,USD,0,USD
OCX,Oncocyte Corporation,3.1,USD,Biotechnology,52189264.80263159,USD,45590150,USD,38.24516129032258,1503000,USD,-20243000,USD,32673.913043478304,USD
UNCY,"Unicycive Therapeutics, Inc.",0.499,USD,Biotechnology,47083747.40722892,USD,44198826,USD,,675000,USD,-28411000,USD,48214.2857142857,USD
VYGR,"Voyager Therapeutics, Inc.",7.02,USD,Biotechnology,382823434.23999995,USD,44019455.99999994,USD,2.710063049057865,250008000,USD,-1784000,USD,1543259.25925926,USD
CRIS,"Curis, Inc.",4.92,USD,Biotechnology,29416406.885771543,USD,43391933,USD,2.857385674638323,10023000,USD,-48941000,USD,204551.020408163,USD
ICCC,ImmuCell Corporation,3.57,USD,Biotechnology,27964097.64900662,USD,42900223,USD,1.218775106901716,17471669,USD,-1150080,USD,221160.367088608,USD
OKYO,OKYO Pharma Limited,1.1401,USD,Biotechnology,42696761,USD,41869912.99999887,USD,,0,USD,,,,
XBIT,XBiotech Inc.,7.71,USD,Biotechnology,234870933.27615064,USD,39890829,USD,,0,USD,-41193000,USD,0,USD
INTS,"Intensity Therapeutics, Inc.",3.175,USD,Biotechnology,43725630.099999994,USD,38994500,USD,,0,USD,-15635260,USD,0,USD
BIOF,Blue Biofuels Inc.,0.1197,USD,Biotechnology,36290407.54958131,USD,38390780,USD,,0,USD,-2245510,USD,0,USD
VBIVQ,"VBI Vaccines, Inc. (CDA)",0.0005,USD,Biotechnology,14341,USD,38131341.00000001,USD,0.0013061735203478734,8682000.00000348,USD,-45257000,USD,62913.04347828609,USD
BCAB,"BioAtla, Inc.",2.09,USD,Biotechnology,101021694.91959798,USD,36188121,USD,,0,USD,-108878000,USD,0,USD
SYRS,"Syros Pharmaceuticals, Inc.",2.11,USD,Biotechnology,56568599.93,USD,35316526,USD,18.934153326904454,9936000,USD,-116064000,USD,146117.647058824,USD
IXHL,Incannex Healthcare Inc.,2.25,USD,Biotechnology,39696371.68141593,USD,34387799.999986015,USD,2989.4362816548314,12000.0000000094,USD,,,1333.33333333438,USD
RNGE,Range Impact Inc.,0.245,USD,Biotechnology,25658160.21459227,USD,33293984,USD,1.2726310277484647,19346306.000004902,USD,2137770,USD,345469.750000088,USD
MRKR,"Marker Therapeutics, Inc.",4.32,USD,Biotechnology,38546041.52601156,USD,30790191,USD,10.34796253321654,3311133,USD,-10994920,USD,413891.625,USD
BIVI,BioVie Inc.,2.87,USD,Biotechnology,47677509.727272734,USD,29779035,USD,,0,USD,-31945380,USD,0,USD
BCTX,BriaCell Therapeutics Corp.,0.885,USD,Biotechnology,31716773.8125,USD,29738148.8326284,USD,,0,USD,-34567431.537,USD,0,USD
SNTI,"Senti Biosciences, Inc.",2.24,USD,Biotechnology,10256913.11627907,USD,29725805,USD,29.082312130177495,2561000,USD,-60052000,USD,53354.1666666667,USD
PMN,ProMIS Neurosciences Inc.,1.06,USD,Biotechnology,31678578.706331342,USD,29515122,USD,,0,USD,-12764160,USD,0,USD
AFMD,Affimed N.V.,3.37,USD,Biotechnology,51316549.828571424,USD,29269193.000000004,USD,17.467992688533357,8946231.614723971,USD,-87555490,USD,114695.27711184601,USD
CLCS,"Cell Source, Inc.",0.7,USD,Biotechnology,29358978.444444448,USD,28792234,USD,,0,USD,-4193539.9999999995,USD,,
PLUR,Pluri Inc.,4.32,USD,Biotechnology,23631102.864988558,USD,28596610.999999996,USD,72.49658417177919,326000,USD,-21905000,USD,2762.71186440678,USD
AVCNF,Avicanna Inc.,0.20592,USD,Biotechnology,22014019.937684212,USD,28497629.5317,USD,1.0847933960026626,12669173.9235,USD,-3349682.247,USD,130610.04044845326,USD
IGC,"IGC Pharma, Inc.",0.405,USD,Biotechnology,30632751.452386968,USD,28461460,USD,27.1439545143126,1345000,USD,-9411000,USD,20074.6268656716,USD
ESLA,"Estrella Immunopharma, Inc.",0.88,USD,Biotechnology,31847987.11111111,USD,28406376.999999996,USD,,0,USD,-7310100,USD,,
GDTC,CytoMed Therapeutics Limited,2.56,USD,Biotechnology,29542399.08896797,USD,27967362.844309174,USD,,0,USD,-2748050,USD,0,USD
MRZM,"Marizyme, Inc.",0.0559,USD,Biotechnology,7367234,USD,27816403,USD,12.639355531686357,645810,USD,-14991780,USD,49677.6923076923,USD
IPA,ImmunoPrecise Antibodies Ltd.,0.5758,USD,Biotechnology,16073779.247603597,USD,27751431.04307065,USD,1.03757516827235,18157238.8205016,USD,-6649280,USD,179774.641787145,USD
MBXBF,Microbix Biosystems Inc.,0.2295,USD,Biotechnology,31137212.658461545,USD,27006716.9324,USD,1.9880548084512357,12156526.6136,USD,2722690.498,USD,,
OTLC,"Oncotelic Therapeutics, Inc.",0.0308,USD,Biotechnology,12513125.68,USD,26474350,USD,200.79797899999994,70000,USD,-362790,USD,3181.81818181818,USD
HCWB,HCW Biologics Inc.,0.451,USD,Biotechnology,17058350.962162163,USD,26356683,USD,4.459544066923794,2841794,USD,-25857260,USD,63150.9777777778,USD
PHGE,BiomX Inc.,0.8736,USD,Biotechnology,15633810.176610978,USD,25348554.000000004,USD,,0,USD,-28586000,USD,0,USD
INNMF,Amplia Therapeutics Ltd.,0.0819,USD,Biotechnology,22505981.052413795,USD,25120987.675095957,USD,,0,USD,-5827602.507,USD,,
AKTX,Akari Therapeutics Plc,2.4,USD,Biotechnology,28715946,USD,24538946,USD,,0,USD,,,,
CALC,"CalciMedica, Inc.",3.94,USD,Biotechnology,42355617.67453416,USD,24132381,USD,,0,USD,-21387000,USD,0,USD
BNGO,"Bionano Genomics, Inc.",0.31,USD,Biotechnology,26659109.941137996,USD,23918922,USD,0.5649930670603351,36116000,USD,-89748000,USD,104988.372093023,USD
RDTCF,Rapid Dose Therapeutics Corp,0.15,USD,Biotechnology,18695424.48979592,USD,23771497.6575,USD,30.15669111806351,751297.37424,USD,-2195768.9250000003,USD,,
ME,23andMe Holding Co.,4.85,USD,Biotechnology,125324011.42398284,USD,23365811,USD,0.5813151176401191,219638000,USD,-261113000,USD,377384.879725086,USD
CYTH,"Cyclo Therapeutics, Inc.",0.725,USD,Biotechnology,20804620.436241608,USD,23253614,USD,18.84086796534886,1076405,USD,-21140930,USD,134550.625,USD
INKT,"MiNK Therapeutics, Inc.",0.749,USD,Biotechnology,29615226.432905324,USD,23113812,USD,,0,USD,-17249180,USD,0,USD
NXSCF,NEXT SCIENCE LTD.,0.1036,USD,Biotechnology,30267797.516923074,USD,22300176.39601087,USD,1.1053364069241995,22747831.88591527,USD,-12706489.224,USD,,
EDIT,"Editas Medicine, Inc.",3.26,USD,Biotechnology,268873201.37106913,USD,21861085.99999997,USD,3.904747963540348,78123000,USD,-207210000,USD,294803.773584906,USD
ADAP,Adaptimmune Therapeutics plc,0.7372,USD,Biotechnology,188581286,USD,21140285.999997973,USD,1.3538497054204142,60514653.469708,USD,-79406720,USD,134776.511068392,USD
LGVN,Longeveron Inc.,2.18,USD,Biotechnology,31303662.651583713,USD,21107447,USD,11.706132636289654,709000,USD,-17241000,USD,28360,USD
CLDI,"Calidi Biotherapeutics, Inc.",1.18,USD,Biotechnology,13779945.81651376,USD,20526933,USD,,0,USD,-28349000,USD,0,USD
EVAX,Evaxion Biotech A/S,2.84,USD,Biotechnology,14934511,USD,17430592.129984,USD,53.650466754166075,73112.361002,USD,,,1492.08900004082,USD
ORGS,"Orgenesis, Inc.",1.23,USD,Biotechnology,5868066.574999999,USD,17295943,USD,7.044240543806658,530000,USD,-19013000,USD,3630.13698630137,USD
AWH,Aspira Women's Health Inc.,0.94,USD,Biotechnology,15099161.554404145,USD,16898735,USD,1.3538686120138956,9154000,USD,-17222000,USD,143031.25,USD
GOVX,"GeoVax Labs, Inc.",1.99,USD,Biotechnology,16964168.381642517,USD,16223600,USD,17.48569880636034,0,USD,-27155960,USD,0,USD
AQB,"AquaBounty Technologies, Inc.",1.2,USD,Biotechnology,4638933.9130434785,USD,14474747,USD,2.283920506545572,2472659,USD,-24311630,USD,23775.5673076923,USD
XXII,"22nd Century Group, Inc",0.107,USD,Biotechnology,4890180.577777777,USD,13601545,USD,0.021172492042239296,32204000,USD,-50890000,USD,503187.5,USD
SPRO,"Spero Therapeutics, Inc.",1.29,USD,Biotechnology,69723394.28571428,USD,13296360,USD,0.6806774995731752,96735000,USD,7979000,USD,2102934.7826087,USD
IFRX,InflaRx N.V.,1.57,USD,Biotechnology,92446743,USD,13145656.237499997,USD,806.9827471248796,68206.5022768968,USD,-56531900,USD,1033.43185268025,USD
BITRF,Biotron Ltd.,0.0145,USD,Biotechnology,13083484.454545455,USD,12850132.9524,USD,,0,USD,-3373595.94,USD,,
BON,Bon Natural Life Limited,1.47,USD,Biotechnology,5836719.972555745,USD,12162313,USD,0.7332582745241936,29522353.0000184,USD,4605830,USD,307524.510416858,USD
CVKD,"Cadrenal Therapeutics, Inc.",15.09,USD,Biotechnology,16104514.36605447,USD,11823198,USD,,0,USD,-6626400,USD,0,USD
OXBOF,Oxford Biodynamics PLC,0.0195,USD,Biotechnology,6081184.895635675,USD,11406223.1382,USD,14.674879832329932,622047,USD,-13831021.1,USD,,
ADTX,"Aditxt, Inc.",0.715,USD,Biotechnology,3018123.819179389,USD,11265762,USD,0.11456898892760635,645176,USD,-32986640,USD,13727.1489361702,USD
SEEL,"Seelos Therapeutics, Inc.",1.27,USD,Biotechnology,1427634.0655737706,USD,11234428,USD,0.0952329940417077,2203000,USD,-29749000,USD,137687.5,USD
XCUR,"Exicure, Inc.",2.41,USD,Biotechnology,4169880.637130802,USD,10887671,USD,8.20122194399999,0,USD,-5030000,USD,0,USD
VCNX,"Vaccinex, Inc.",3.74,USD,Biotechnology,10454018.124260355,USD,10715749,USD,17.25622921348318,570000,USD,-21508500,USD,14250,USD
KRBP,"Kiromic BioPharma, Inc.",1.17,USD,Biotechnology,1808726.1428571425,USD,10596787,USD,,0,USD,-19530900,USD,0,USD
UBX,"Unity Biotechnology, Inc.",1.4,USD,Biotechnology,23586671.343283582,USD,10250813.999999996,USD,,0,USD,-34497000,USD,0,USD
INAB,"IN8bio, Inc.",0.3009,USD,Biotechnology,14078192.769677421,USD,10184954,USD,,0,USD,-29564000,USD,0,USD
EVGN,Evogene Ltd.,2.38,USD,Biotechnology,12769742.94308943,USD,9973977.999999998,USD,1.3254146237671516,5640000.00000304,USD,-18867000,USD,39718.3098591763,USD
HMTXF,Hemostemix Inc,0.0722,USD,Biotechnology,6290231.779047619,USD,9878719.14,USD,,0,USD,-1109823.695,USD,,
SXTP,"60 Degrees Pharmaceuticals, Inc.",0.7811,USD,Biotechnology,1454340.8637931033,USD,9874760,USD,1.8674021778788616,253573,USD,-8854310,USD,84524.3333333333,USD
MBOT,Microbot Medical Inc.,0.9741,USD,Biotechnology,16076968.031326782,USD,9759530,USD,,0,USD,-9410000,USD,0,USD
NBIO,Nascent Biotech Inc.,0.055,USD,Biotechnology,9471120,USD,9482729,USD,,0,USD,-2093570.0000000002,USD,,
IMNN,"Imunon, Inc.",0.966,USD,Biotechnology,13911258.203773582,USD,9439389,USD,,0,USD,-19194060,USD,0,USD
EQ,"Equillium, Inc.",1.36,USD,Biotechnology,48177162.10169493,USD,9110773.000000004,USD,1.012972651385403,36084000,USD,-9583000,USD,820090.909090909,USD
COEP,"Coeptis Therapeutics Holdings, Inc.",0.208,USD,Biotechnology,8313467.296385542,USD,8655570,USD,,0,USD,-16016630,USD,0,USD
CMMB,Chemomab Therapeutics Ltd.,1.53,USD,Biotechnology,20677234,USD,8236193.691160001,USD,,0,USD,-16027750.000000002,USD,0,USD
BCDA,"BioCardia, Inc.",2.63,USD,Biotechnology,9209907.88429752,USD,8191516,USD,10.613334065420569,477000,USD,-8185000.000000001,USD,23850,USD
VDRM,"ViaDerma, Inc.",0.0055,USD,Biotechnology,6785422.131147541,USD,7928256,USD,12.524485006532128,600498,USD,-145640,USD,,
CPMV,Mosaic ImmunoEngineering Inc.,0.9,USD,Biotechnology,6517924,USD,7925871,USD,,0,USD,-1130560,USD,0,USD
BCLI,Brainstorm Cell Therapeutics Inc.,2.02,USD,Biotechnology,10737524.61726883,USD,7909462,USD,,0,USD,-16036000.000000002,USD,0,USD
QNTM,Quantum Biopharma Ltd.,5.54,USD,Biotechnology,10287236.585987262,USD,7027473.944532536,USD,,0,USD,-9885084.968,USD,,
RNAZ,"TransCode Therapeutics, Inc.",0.597,USD,Biotechnology,10307596.73361702,USD,7016268,USD,,0,USD,-17226030,USD,0,USD
ENLV,Enlivex Therapeutics Ltd.,1.48,USD,Biotechnology,31680926.312925167,USD,6246866,USD,,0,USD,-12265000,USD,0,USD
NSTM,NovelStem International Corp.,0.04,USD,Biotechnology,1875259.0476190478,USD,6071315,USD,218.78021666666672,0,USD,-432460,USD,,
MTEM,"Molecular Templates, Inc.",0.5003,USD,Biotechnology,3293915.164,USD,5320327.999999999,USD,0.1544710247349824,57306000,USD,-13845000,USD,924290.322580645,USD
CARA,"Cara Therapeutics, Inc.",0.27,USD,Biotechnology,14808593.28358209,USD,5244900,USD,1.333777506002182,20968000,USD,-104262000,USD,381236.363636364,USD
ELAB,"Elevai Labs, Inc.",0.099,USD,Biotechnology,4888228.104639685,USD,5041822,USD,0.7494511842098331,1712595,USD,-4902980,USD,95144.1666666667,USD
CARM,"Carisma Therapeutics, Inc.",0.9972,USD,Biotechnology,41428649.07,USD,4941975,USD,2.0059658619024634,14919000,USD,-71247000,USD,139429.906542056,USD
VIRX,"Viracta Therapeutics, Inc.",0.2325,USD,Biotechnology,9164492.130681818,USD,4672133.000000002,USD,,0,USD,-49043000,USD,0,USD
LIXT,"Lixte Biotechnology Holdings, Inc.",1.31,USD,Biotechnology,2946569.9,USD,4503642,USD,,0,USD,-4026130,USD,0,USD
ENSC,"Ensysce Biosciences, Inc.",0.3328,USD,Biotechnology,4963418.5189372515,USD,4353056,USD,2.1694826808796757,2230520,USD,-9661400,USD,247835.555555556,USD
ENZ,"Enzo Biochem, Inc.",1.12,USD,Biotechnology,57632578.80701756,USD,3763732.0000000075,USD,,31061000,USD,,,163478.947368421,USD
CHNXF,CHITOGENX INC.,0.0085,USD,Biotechnology,706600.75,USD,3578758.503000001,USD,,0,USD,-929847.1200000001,USD,,
NEVIF,Nevis Brands Inc.,0.065,USD,Biotechnology,2495371.2727272725,USD,3331520.3091,USD,2.608536707002285,494928.665,USD,-2355.426,USD,,
VGLS,VG Life Sciences Inc.,0.0001,USD,Biotechnology,2109550,USD,3330197,USD,,0,USD,-16350,USD,,
PRTG,Portage Biotech Inc.,5.8,USD,Biotechnology,6082837.54716981,USD,2672146,USD,,0,USD,-16041000,USD,0,USD
PIRS,"Pieris Pharmaceuticals, Inc.",17,USD,Biotechnology,22444079.879560754,USD,2631225,USD,1.054161651973935,42810000,USD,-11421000,USD,856200,USD
QRON,Qrons Inc.,0.1561,USD,Biotechnology,2177562,USD,2547730,USD,,0,USD,-748940,USD,0,USD
HALB,Halberd Corp.,0.0043,USD,Biotechnology,2218261.5227272725,USD,2414184,USD,1042.029536238361,2725,USD,-162220,USD,,
DOMH,Dominari Holdings Inc.,1.75,USD,Biotechnology,10983241.853932586,USD,2293526,USD,1.1349400925439086,2039000.0000000002,USD,-14023000,USD,72821.42857142861,USD
CYTO,Altamira Therapeutics Ltd.,0.4923,USD,Biotechnology,1860167.6398821217,USD,2285251,USD,,0,USD,,,0,USD
RGBP,"Regen Biopharma, Inc.",0.46532,USD,Biotechnology,2330470.88075,USD,2279970,USD,5.699821695038491,236560,USD,-390900,USD,236560,USD
ONVO,"Organovo Holdings, Inc.",0.428,USD,Biotechnology,6576574.003168138,USD,1888159,USD,88.76556077671239,109000,USD,-13995000,USD,5450,USD
GBLX,"GB Sciences, Inc.",0.0001,USD,Biotechnology,407,USD,1747722.9999999998,USD,,0,USD,-1419890,USD,0,USD
VERV,"Verve Therapeutics, Inc.",5.94,USD,Biotechnology,502669718.0502513,USD,1736454,USD,24.352593099089486,11758000,USD,-213950000,USD,46109.8039215686,USD
QNCX,"Quince Therapeutics, Inc.",0.9916,USD,Biotechnology,42913082.06888889,USD,1674734,USD,,0,USD,-29064000,USD,0,USD
CNBX,CNBX Pharmaceuticals Inc.,0.0089,USD,Biotechnology,276890.97454545455,USD,1648222,USD,1.8593195667480886,410165,USD,-581300,USD,205082.5,USD
MHTX,"Manhattan Scientifics, Inc.",0.0008,USD,Biotechnology,447424.8000000001,USD,1639281,USD,,0,USD,,,,
TCBP,TC BioPharm (Holdings) plc,1.7,USD,Biotechnology,511221.00000000006,USD,1455086.0289999999,USD,,0,USD,,,0,USD
PLPL,"Plandai Biotechnology, Inc.",0.0001,USD,Biotechnology,774966.0000000001,USD,1317459,USD,,0,USD,-3811060,USD,,
VXIT,VirExit Technologies Inc.,0.0008,USD,Biotechnology,140213.7142857143,USD,1254483,USD,,0,USD,-334420,USD,,
PPCB,"Propanc Biopharma, Inc.",0.00035,USD,Biotechnology,240807.87499999994,USD,1202395.0000023653,USD,,0,USD,-1514390,USD,0,USD
TCRT,"Alaunos Therapeutics, Inc.",2.0589,USD,Biotechnology,3296817.8946082946,USD,1011717,USD,579.1194733333327,5000,USD,-12194000,USD,5000,USD
EACTF,Earth Alive Clean Tech Inc.,0.0005,USD,Biotechnology,2080345.8126,USD,1008238.0212000001,USD,0.1197405303967805,1746227.6264999998,USD,-3176533.656,USD,,
PXMD,"PaxMedica, Inc.",0.1,USD,Biotechnology,1087917,USD,763436,USD,,0,USD,-15439330,USD,0,USD
GSTC,GlobeStar Therapeutics Corporation,0.00035,USD,Biotechnology,434387.00000000006,USD,761098,USD,,0,USD,-804600,USD,,
IVRO,InVitro International,0.0885,USD,Biotechnology,2014243.095505618,USD,751603,USD,2.811533421215382,792628,USD,98530,USD,,
SONN,"Sonnet BioTherapeutics Holdings, Inc.",4.97,USD,Biotechnology,3232055.50249584,USD,504236.00000000047,USD,67.72298070900665,147805,USD,-12195260,USD,12317.0833333333,USD
WSNAF,WESANA HEALTH HLDGS INC.,0.0086,USD,Biotechnology,179914.58,USD,334773.6096835,USD,,0,USD,-603317.069,USD,,
NTRR,Neutra Corp.,0.0001,USD,Biotechnology,291789.99999999994,USD,293557,USD,4.416575785187762,39534,USD,-144130,USD,,
BPTH,"Bio-Path Holdings, Inc.",1.08,USD,Biotechnology,4007005.2,USD,130209.00000000047,USD,,0,USD,-12876000,USD,0,USD
LADX,LadRx Corporation,1.7846,USD,Biotechnology,883541,USD,66973,USD,,0,USD,-3839510,USD,0,USD
APVO,Aptevo Therapeutics Inc.,0.2376,USD,Biotechnology,2238471.0734094614,USD,-730928.0000000005,USD,,0,USD,-25516000,USD,0,USD
SLRX,"Salarius Pharmaceuticals, Inc.",1.67,USD,Biotechnology,2406732,USD,-866091,USD,,0,USD,-6733090,USD,0,USD
PHIO,Phio Pharmaceuticals Corp.,3.01,USD,Biotechnology,2590770.096219931,USD,-2193302,USD,,0,USD,-8547000,USD,0,USD
INBX,"Inhibrx Biosciences, Inc.",16,USD,Biotechnology,231614464,USD,-2194000.00000003,USD,,1800000,USD,,,,
VOR,Vor Biopharma Inc.,0.725,USD,Biotechnology,49589151.10759494,USD,-2405731,USD,,0,USD,-119977000,USD,0,USD
CODX,"Co-Diagnostics, Inc.",1.25,USD,Biotechnology,39888752.03252033,USD,-3047254,USD,5.7660554966121085,991473,USD,-40133210,USD,6396.599999999999,USD
SYBX,"Synlogic, Inc.",1.42,USD,Biotechnology,16608474.999999998,USD,-3357525.000000002,USD,5.554156643533124,3371000,USD,-33345999.999999996,USD,561833.3333333329,USD
SRZN,"Surrozen, Inc.",9.7,USD,Biotechnology,31096763.93393393,USD,-3572539.000000011,USD,,0,USD,-35835000,USD,0,USD
ALEC,"Alector, Inc.",5.07,USD,Biotechnology,493417799.12394965,USD,-3972731,USD,8.325149234916333,97062000,USD,-178263000,USD,397795.081967213,USD
GRI,"GRI Bio, Inc.",0.6762,USD,Biotechnology,1979715.7660019523,USD,-4112541,USD,,0,USD,-8599000,USD,0,USD
NRBO,"NeuroBo Pharmaceuticals, Inc.",2.85,USD,Biotechnology,24187366.67266187,USD,-4170709,USD,,0,USD,-26510000,USD,0,USD
NKTX,"Nkarta, Inc.",3.46,USD,Biotechnology,244133309.80780777,USD,-4287329.00000006,USD,,0,USD,-114653000,USD,0,USD
CABA,"Cabaletta Bio, Inc.",4.1,USD,Biotechnology,200279555.70332476,USD,-4826692,USD,,0,USD,-98614000,USD,0,USD
CGTX,"Cognition Therapeutics, Inc.",0.5421,USD,Biotechnology,21756077.51619756,USD,-5237891.000000004,USD,,0,USD,-58458000,USD,0,USD
THAR,"Tharimmune, Inc.",1.98,USD,Biotechnology,2274544.8,USD,-5455699,USD,,0,USD,-9096980,USD,0,USD
EFTR,"eFFECTOR Therapeutics, Inc.",0.0003,USD,Biotechnology,470,USD,-6234529.999999999,USD,,0,USD,-32592000,USD,0,USD
SABS,"SAB Biotherapeutics, Inc.",2.92,USD,Biotechnology,26949482.209386278,USD,-6418243.999999996,USD,9.22145490927612,2238991,USD,-40852420,USD,39280.5438596491,USD
APDN,"Applied DNA Sciences, Inc.",0.3073,USD,Biotechnology,3165001.28959276,USD,-6544952,USD,0.3655073802327808,13367443,USD,-13975210,USD,243044.41818181798,USD
XFOR,"X4 Pharmaceuticals, Inc.",0.5,USD,Biotechnology,84249756.17283951,USD,-8635237,USD,173.33825425577277,0,USD,-122779000,USD,0,USD
REVB,"Revelation Biosciences, Inc.",0.83,USD,Biotechnology,3119185.7519472735,USD,-8936961,USD,,0,USD,-9502310,USD,0,USD
NCNA,NuCana plc,1.76,USD,Biotechnology,4021055.9999999995,USD,-10336591.8,USD,,0,USD,-41604560,USD,0,USD
FBRX,"Forte Biosciences, Inc.",4.62,USD,Biotechnology,6745929.759538314,USD,-17666651,USD,,0,USD,-37191000,USD,0,USD
IOBT,"IO Biotech, Inc.",1.33,USD,Biotechnology,87621616.78512397,USD,-18881093,USD,,0,USD,-92577000,USD,0,USD
IPSC,"Century Therapeutics, Inc.",1.4,USD,Biotechnology,118602339.56834532,USD,-22270819.99999997,USD,55.88056421645457,2235000,USD,-117062000,USD,13545.454545454499,USD
AADI,"Aadi Bioscience, Inc.",2.03,USD,Biotechnology,49968112.67661692,USD,-22279184,USD,2.279469544023177,24354000,USD,-70471000,USD,273640.44943820196,USD
VTGN,"Vistagen Therapeutics, Inc.",3.03,USD,Biotechnology,81976974.13953489,USD,-24938128.000000015,USD,94.92615349340483,1064000,USD,-37573200,USD,27282.0512820513,USD
HOOK,HOOKIPA Pharma Inc.,3.82,USD,Biotechnology,46048340.57671958,USD,-26685841.000000015,USD,0.908624230201484,20129000,USD,-47709000,USD,133304.635761589,USD
LVTX,LAVA Therapeutics N.V.,2.035,USD,Biotechnology,53504599.5275,USD,-28052627.00070353,USD,7.25118653686025,6769000.00004951,USD,,,182945.945947284,USD
PASG,"Passage Bio, Inc.",0.6646,USD,Biotechnology,41050536.76400397,USD,-28351621,USD,,0,USD,-70905000,USD,0,USD
VIR,"Vir Biotechnology, Inc.",7.75,USD,Biotechnology,1058956686.5641708,USD,-28433998,USD,12.919206650861478,86180000,USD,-491986000,USD,146814.31005110702,USD
ALVR,"AlloVir, Inc.",0.8543,USD,Biotechnology,96878067.89576586,USD,-29548379,USD,,0,USD,-117110000,USD,0,USD
IVVD,"Invivyd, Inc.",1.04,USD,Biotechnology,124220339.59552409,USD,-30850930,USD,51.35652687588341,0,USD,-209086000,USD,0,USD
DTIL,"Precision BioSciences, Inc.",8.28,USD,Biotechnology,59895530.623655915,USD,-32216431,USD,0.6696410668644456,48727000,USD,-893000,USD,447036.697247706,USD
SNSE,"Sensei Biotherapeutics, Inc.",0.594,USD,Biotechnology,14939770.491159135,USD,-33160883,USD,,0,USD,-31534000,USD,0,USD
STTK,"Shattuck Labs, Inc.",1.355,USD,Biotechnology,64670445.98854961,USD,-39002280.999999985,USD,16.13397810620756,1657000,USD,-86618000,USD,22093.333333333303,USD
AVTE,"Aerovate Therapeutics, Inc.",2.18,USD,Biotechnology,62931604.50943397,USD,-42321458,USD,,0,USD,-94108000,USD,0,USD
SPRB,"Spruce Biosciences, Inc.",0.5884,USD,Biotechnology,24302448.329190154,USD,-42547687.000000015,USD,2.4408897059330297,10089000,USD,-47431000,USD,347896.55172413803,USD
ELEV,"Elevation Oncology, Inc.",0.5957,USD,Biotechnology,35209926.287113406,USD,-45532837,USD,,0,USD,-39665000,USD,0,USD
RLYB,Rallybio Corporation,1.04,USD,Biotechnology,43147088.85436893,USD,-45597787,USD,152.01304605351172,0,USD,-77155000,USD,0,USD
TSBX,Turnstone Biologics Corp.,0.535,USD,Biotechnology,12373721.700507615,USD,-48463607,USD,,19306000,USD,-77111000,USD,241325,USD
IKNA,"Ikena Oncology, Inc.",1.72,USD,Biotechnology,83003951,USD,-53323049,USD,45.01298856832972,9160000,USD,-71337000,USD,213023.255813953,USD
ALXO,ALX Oncology Holdings Inc.,1.46,USD,Biotechnology,76900811.11564626,USD,-61823471,USD,,0,USD,-179735000,USD,0,USD
ANRO,"Alto Neuroscience, Inc.",4.22,USD,Biotechnology,113766863.15331808,USD,-65253291.00000003,USD,,0,USD,,,0,USD
ANTX,"AN2 Therapeutics, Inc.",1.1,USD,Biotechnology,32826677.009345796,USD,-72608596,USD,,0,USD,-71171000,USD,0,USD
VTYX,"Ventyx Biosciences, Inc.",2.31,USD,Biotechnology,163245708.94954127,USD,-74114279,USD,,0,USD,-182185000,USD,0,USD
CRBU,"Caribou Biosciences, Inc.",1.88,USD,Biotechnology,169882005.5819209,USD,-74377899,USD,4.8290233334339945,34477000,USD,-135932000,USD,218208.860759494,USD
PRLD,Prelude Therapeutics Incorporated,1.5,USD,Biotechnology,82536701.64473684,USD,-78002809,USD,,0,USD,-140783000,USD,0,USD
ATHA,"Athira Pharma, Inc.",0.4876,USD,Biotechnology,18743039.640872166,USD,-80753060,USD,,0,USD,-120426000,USD,0,USD
KZR,"Kezar Life Sciences, Inc.",0.7725,USD,Biotechnology,56363315.68346698,USD,-89245583,USD,8.176428467614283,7000000,USD,-98462000,USD,120689.655172414,USD
HLVX,"HilleVax, Inc.",1.84,USD,Biotechnology,91604284.11049725,USD,-103852264,USD,,0,USD,-140523000,USD,0,USD
FDMT,"4D Molecular Therapeutics, Inc.",8.57,USD,Biotechnology,445379358.43435574,USD,-104737868.00000006,USD,,20723000,USD,,,140972.789115646,USD
ASCLF,Ascletis Pharma Inc.,0.1567,USD,Biotechnology,154299985.5252174,USD,-110051299.37403509,USD,125.92472785730055,8006799.88535073,USD,-52634738.4962,USD,36560.730070094665,USD
BOLD,"Boundless Bio, Inc.",3,USD,Biotechnology,66763614.04109588,USD,-113469749,USD,,0,USD,-64013000.00000001,USD,0,USD
PMVP,"PMV Pharmaceuticals, Inc.",1.66,USD,Biotechnology,85522781,USD,-115228219,USD,,0,USD,-75470000,USD,0,USD
KYTX,"Kyverna Therapeutics, Inc.",5.32,USD,Biotechnology,229541239.92187497,USD,-115326130,USD,,0,USD,-98540000,USD,0,USD
MURA,Mural Oncology plc,3.63,USD,Biotechnology,61847912.07692309,USD,-133820647,USD,,0,USD,-168398000,USD,0,USD
SEER,"Seer, Inc.",1.94,USD,Biotechnology,119172538.03208555,USD,-141484501.99999997,USD,8.339631638812143,15182000,USD,-94549000,USD,103278.911564626,USD
ZNTL,"Zentalis Pharmaceuticals, Inc.",2.83,USD,Biotechnology,201235553,USD,-181122447,USD,4.956686390532544,0,USD,-219217000,USD,0,USD
ENZC,Enzolytics Inc.,0.0015,USD,Biotechnology,7187470.000000001,USD,-190332658,USD,,52796,USD,,,,
LYEL,"Lyell Immunopharma, Inc.",0.936,USD,Biotechnology,239618909.98058254,USD,-193583118,USD,4384.332333333331,130000,USD,-209758000,USD,580.357142857143,USD
ITOS,"iTeos Therapeutics, Inc.",8.93,USD,Biotechnology,326140067.2477064,USD,-247269520,USD,9.890735490285714,12595000,USD,-143755000,USD,80222.92993630569,USD
GLPG,Galapagos NV,28.76,USD,Biotechnology,1940227567.6844997,USD,-1724671929.5655003,USD,,259169356.810645,USD,,,230783.042574038,USD
HSTO,Histogen Inc.,0.3,USD,Biotechnology,1281528,USD,,,,,,,,,
AHGIF,ALTERNATE HEALTH CORP,0.000001,USD,Biotechnology,77.88499999999999,USD,,,,,,,,,
OBIMF,"Ondine Biomedical, Inc.",0.11,USD,Biotechnology,30501431.529411763,USD,,,,912791.8125188074,USD,,,,
CTGL,Citrine Global Corp.,0.000301,USD,Biotechnology,314266,USD,,,,,,,,,
CAMP,CAMP4 Therapeutics Corporation,11.11,USD,Biotechnology,216701872.09,USD,,,,350000,USD,,,6034.482758620689,USD
KZIA,Kazia Therapeutics Limited,4.66,USD,Biotechnology,173082409,USD,,,,0,USD,,,,
ATHXQ,"Athersys, Inc.",0.000001,USD,Biotechnology,62.00000000000001,USD,,,,,,,,,
GNCAQ,GENOCEA BIOSCIENCES INC,0.000001,USD,Biotechnology,58.7835,USD,,,,,,,,,
STAB,"Statera Biopharma, Inc.",0.0002,USD,Biotechnology,14283,USD,,,,,,,,,
LIFS,Life Stem Genetics Inc.,0.0001,USD,Biotechnology,4584,USD,,,,,,,,,
NMTRQ,"9 Meters Biopharma, Inc.",0.000001,USD,Biotechnology,14,USD,,,,,,,,,
RBSH,REBUS HLDGS INC.,0.000001,USD,Biotechnology,32,USD,,,,,,,,,
ELOX,"Eloxx Pharmaceuticals, Inc.",0.0002,USD,Biotechnology,629,USD,,,,,,,,,
RGBPP,"Regen Biopharma, Inc.",0.28,USD,Biotechnology,3032063.2432432435,USD,,,,,,,,,
MYNZ,Mainz Biomed N.V.,0.256,USD,Biotechnology,5602963.274131275,USD,,,,895479,USD,,,,
CGNSF,Cognetivity Neurosciences Ltd.,0.00568,USD,Biotechnology,508863.248,USD,,,,,,,,,
CFRXQ,ContraFect Corporation,0.0001,USD,Biotechnology,1070.48,USD,,,,,,,,,
PSYBF,PsyBio Therapeutics Corp.,0.005,USD,Biotechnology,419634,USD,,,,,,,,,
CWBR,CohBar Inc.,0.5,USD,Biotechnology,1453463,USD,,,,,,,,,
ROSGQ,ROSETTA GENOMICS LTD,0.0001,USD,Biotechnology,6,USD,,,,,,,,,
AVVH,"AVVAA World Health Care Products, Inc.",0.0015,USD,Biotechnology,1449663.75,USD,,,,,,,,,
AFFY,AFFYMAX INC,0.0008,USD,Biotechnology,29992,USD,,,,,,,,,
SQZB,SQZ Biotechnologies Company,0.023,USD,Biotechnology,678296,USD,,,,,,,,,
LIANY,LianBio,0.2802,USD,Biotechnology,30438888,USD,,,,0,USD,,,,
UPB,"Upstream Bio, Inc.",24.23,USD,Biotechnology,1244009269.85,USD,,,,2380000,USD,,,68000,USD
VAXX,"Vaxxinity, Inc.",0.002,USD,Biotechnology,281318,USD,,,,0,USD,,,0,USD
THER,Theralink Technologies Inc. ,0.000001,USD,Biotechnology,6151.000000000001,USD,,,,606796,USD,,,37924.75,USD
FRES,Fresh2 Group Limited,1.6911,USD,Biotechnology,2425239,USD,,,,,,,,,
AMBS,"Amarantus Bioscience Holdings, Inc.",0.0004,USD,Biotechnology,147362.80000000002,USD,,,,,,,,,
DNAG,DNAPRINT GENOMICS,0.000001,USD,Biotechnology,644.61,USD,,,,,,,,,
SRNE,SORRENTO THERAPEUTICS INC,0.0028,USD,Biotechnology,1543587.1111111112,USD,,,,,,,,,
BIOAF,Bioasis Technologies Inc.,0.000101,USD,Biotechnology,285652.158,USD,,,,,,,,,
BRAXF,Braxia Scientific Corp.,0.0027,USD,Biotechnology,764857.0800000001,USD,,,,,,,,,
BNGI,BANGI INC,0.000001,USD,Biotechnology,525.369,USD,,,,,,,,,
EHOS,EHOUSE GLOBAL INC,0.000001,USD,Biotechnology,1012.7059999999999,USD,,,,,,,,,
RGTPQ,REGENETP INC.,0.105,USD,Biotechnology,774504.4933078394,USD,,,,,,,,,
CALA,"Calithera Biosciences, Inc.",0.006,USD,Biotechnology,29235,USD,,,,,,,,,
MCET,MULTICELL TECHNOLOGIES INC,0.000001,USD,Biotechnology,5001.000000000001,USD,,,,,,,,,
XENO,XENO TRANSPLANTS CORPORATION,0.0001,USD,Biotechnology,4036.4,USD,,,,,,,,,
ZHCLF,ZENITH CAPITAL CORPORATION,0.08,USD,Biotechnology,,,,,,,,,,,